t,robot_0_x,robot_0_y,robot_1_x,robot_1_y,robot_2_x,robot_2_y,reward
0.104,0.5222,1.4422,1.4407,1.4922,2.4677,1.5043,
0.201,0.5220,1.4413,1.4407,1.4921,2.4677,1.5044,-2.8999
0.301,0.5221,1.4404,1.4408,1.4920,2.4677,1.5043,-2.9008
0.401,0.5221,1.4404,1.4408,1.4920,2.4677,1.5043,-2.9014
0.502,0.5222,1.4398,1.4409,1.4920,2.4678,1.5043,-2.9014
0.601,0.5222,1.4398,1.4409,1.4920,2.4678,1.5043,-2.9018
0.701,0.5211,1.4598,1.4306,1.4949,2.4743,1.4860,-2.9020
0.801,0.5211,1.5010,1.4123,1.4991,2.4838,1.4549,-2.8578
0.901,0.5193,1.5216,1.4045,1.5025,2.4844,1.4433,-2.7932
1.001,0.5153,1.5447,1.3935,1.5039,2.4882,1.4240,-2.7640
1.101,0.5146,1.5682,1.3820,1.5070,2.4911,1.4130,-2.7246
1.201,0.5163,1.5866,1.3756,1.5115,2.4932,1.3949,-2.6914
1.301,0.5154,1.5968,1.3750,1.5122,2.4928,1.3865,-2.6512
1.401,0.5142,1.6084,1.3850,1.5069,2.4952,1.3789,-2.6437
1.517,0.5167,1.6185,1.3856,1.5026,2.4971,1.3703,-2.6357
1.603,0.5253,1.6092,1.3667,1.5028,2.4968,1.3618,-2.6175
1.709,0.5383,1.5894,1.3420,1.5069,2.4985,1.3391,-2.5938
1.801,0.5556,1.5698,1.3160,1.5165,2.5010,1.3088,-2.5454
1.901,0.5604,1.5624,1.3048,1.5223,2.5022,1.2886,-2.5209
2.002,0.5644,1.5543,1.2931,1.5264,2.5027,1.2798,-2.4966
2.101,0.5778,1.5385,1.2712,1.5296,2.5047,1.2574,-2.4779
2.201,0.5844,1.5309,1.2615,1.5313,2.5054,1.2449,-2.4532
2.301,0.5926,1.5186,1.2436,1.5351,2.5060,1.2286,-2.4350
2.403,0.5914,1.5221,1.2353,1.5373,2.5066,1.2210,-2.4158
2.502,0.5809,1.5597,1.2201,1.5410,2.5075,1.2056,-2.4031
2.601,0.5762,1.5746,1.2132,1.5425,2.5074,1.1988,-2.3620
2.702,0.5733,1.5835,1.2039,1.5438,2.5076,1.1906,-2.3451
2.802,0.5705,1.5916,1.1973,1.5442,2.5077,1.1856,-2.3285
2.901,0.5690,1.5961,1.1921,1.5453,2.5078,1.1795,-2.3124
3.001,0.5673,1.6013,1.1896,1.5461,2.5076,1.1765,-2.3066
3.101,0.5673,1.6013,1.1896,1.5461,2.5076,1.1765,-2.3006
3.201,0.5603,1.6211,1.1786,1.5501,2.5071,1.1601,-2.3006
3.301,0.5567,1.6281,1.1698,1.5530,2.5095,1.1302,-2.2741
3.401,0.5548,1.6324,1.1576,1.5562,2.5106,1.1102,-2.2482
3.503,0.5548,1.6324,1.1576,1.5562,2.5106,1.1102,-2.2287
3.602,0.5533,1.6374,1.1393,1.5594,2.5101,1.0954,-2.2287
3.701,0.5645,1.6477,1.1020,1.5683,2.5106,1.0689,-2.2073
3.800,0.5883,1.6560,1.0649,1.5831,2.5119,1.0279,-2.1479
3.901,0.5938,1.6609,1.0439,1.5879,2.5106,1.0133,-2.1160
4.001,0.6045,1.6640,1.0281,1.5924,2.5119,0.9989,-2.0918
4.101,0.6069,1.6624,1.0237,1.5969,2.5126,0.9884,-2.0825
4.203,0.6041,1.6591,1.0210,1.5971,2.5119,0.9761,-2.0843
4.301,0.5994,1.6643,1.0215,1.5936,2.5102,0.9661,-2.0880
4.402,0.5984,1.6674,1.0286,1.5827,2.5096,0.9588,-2.0856
4.501,0.6006,1.6651,1.0354,1.5732,2.5103,0.9460,-2.0803
4.601,0.6084,1.6579,1.0449,1.5629,2.5126,0.9066,-2.0811
4.701,0.6123,1.6543,1.0500,1.5549,2.5116,0.8835,-2.0971
4.801,0.6123,1.6543,1.0500,1.5549,2.5116,0.8835,-2.1060
4.910,0.6185,1.6533,1.0537,1.5496,2.5105,0.8740,-2.1060
5.001,0.6316,1.6581,1.0676,1.5363,2.5115,0.8451,-2.1073
5.102,0.6338,1.6573,1.0716,1.5327,2.5106,0.8243,-2.1163
5.201,0.6401,1.6581,1.0750,1.5270,2.5085,0.8078,-2.1249
5.301,0.6443,1.6605,1.0781,1.5234,2.5094,0.7999,-2.1299
5.401,0.6464,1.6616,1.0797,1.5218,2.5105,0.7930,-2.1314
5.501,0.6493,1.6655,1.0795,1.5200,2.5102,0.7836,-2.1344
5.602,0.6595,1.6792,1.0792,1.5114,2.5079,0.7725,-2.1347
5.702,0.6665,1.6892,1.0726,1.5074,2.5065,0.7732,-2.1211
5.801,0.6667,1.6946,1.0697,1.5048,2.5052,0.7799,-2.1003
5.917,0.6673,1.6974,1.0692,1.5038,2.5042,0.7901,-2.0861
6.001,0.6695,1.6975,1.0705,1.5010,2.5038,0.8013,-2.0723
6.102,0.6703,1.6974,1.0709,1.5000,2.5041,0.8079,-2.0594
6.201,0.6717,1.6996,1.0729,1.4982,2.5026,0.8170,-2.0550
6.301,0.6749,1.7081,1.0744,1.4964,2.5019,0.8294,-2.0400
6.401,0.6764,1.7132,1.0757,1.4956,2.4994,0.8340,-2.0254
6.501,0.6768,1.7169,1.0762,1.4954,2.4887,0.8360,-2.0159
6.601,0.6768,1.7169,1.0762,1.4954,2.4887,0.8360,-2.0051
6.702,0.6777,1.7216,1.0764,1.4948,2.4745,0.8398,-2.0051
6.800,0.6797,1.7276,1.0765,1.4947,2.4583,0.8459,-1.9875
6.902,0.6791,1.7290,1.0757,1.4948,2.4513,0.8505,-1.9701
7.003,0.6806,1.7290,1.0774,1.4936,2.4365,0.8531,-1.9616
7.102,0.6869,1.7399,1.0774,1.4904,2.4165,0.8607,-1.9516
7.200,0.6924,1.7497,1.0748,1.4847,2.4100,0.8652,-1.9224
7.303,0.6926,1.7514,1.0721,1.4808,2.4060,0.8664,-1.8992
7.400,0.6928,1.7533,1.0678,1.4731,2.3963,0.8677,-1.8876
7.501,0.6946,1.7598,1.0631,1.4672,2.3833,0.8734,-1.8751
7.601,0.6963,1.7664,1.0592,1.4630,2.3800,0.8746,-1.8560
7.701,0.6960,1.7693,1.0522,1.4568,2.3736,0.8755,-1.8402
7.802,0.6967,1.7721,1.0472,1.4508,2.3593,0.8789,-1.8306
7.900,0.6965,1.7737,1.0437,1.4467,2.3345,0.8788,-1.8169
8.009,0.6962,1.7741,1.0430,1.4457,2.3257,0.8789,-1.8146
8.101,0.6960,1.7744,1.0411,1.4432,2.3070,0.8801,-1.8167
8.201,0.6958,1.7751,1.0399,1.4422,2.2974,0.8799,-1.8185
8.301,0.6948,1.7771,1.0377,1.4418,2.2766,0.8815,-1.8225
8.403,0.6943,1.7773,1.0371,1.4420,2.2601,0.8815,-1.8327
8.500,0.6944,1.7776,1.0374,1.4421,2.2533,0.8824,-1.8395
8.601,0.6943,1.7778,1.0372,1.4422,2.2508,0.8828,-1.8434
8.701,0.6939,1.7791,1.0362,1.4418,2.2454,0.8838,-1.8447
8.801,0.6926,1.7824,1.0337,1.4409,2.2344,0.8853,-1.8464
8.901,0.6910,1.7847,1.0297,1.4390,2.2171,0.8861,-1.8523
9.001,0.6902,1.7857,1.0273,1.4371,2.2120,0.8862,-1.8584
9.101,0.6891,1.7870,1.0232,1.4331,2.2034,0.8876,-1.8588
9.201,0.6888,1.7873,1.0226,1.4331,2.1970,0.8874,-1.8598
9.300,0.6884,1.7871,1.0223,1.4331,2.1904,0.8873,-1.8649
9.401,0.6883,1.7873,1.0222,1.4334,2.1827,0.8880,-1.8707
9.501,0.6883,1.7873,1.0222,1.4334,2.1827,0.8880,-1.8769
9.602,0.6883,1.7873,1.0222,1.4334,2.1827,0.8880,-1.8769
9.701,0.6884,1.7866,1.0226,1.4329,2.1743,0.8912,-1.8769
9.802,0.6887,1.7863,1.0228,1.4324,2.1652,0.8910,-1.8827
9.905,0.6883,1.7872,1.0221,1.4327,2.1338,0.8904,-1.8906
10.001,0.6882,1.7876,1.0220,1.4323,2.1076,0.8901,-1.9256
10.101,0.6882,1.7876,1.0218,1.4322,2.0959,0.8900,-1.9418
10.200,0.6878,1.7875,1.0217,1.4324,2.0707,0.8891,-1.9575
10.301,0.6878,1.7879,1.0215,1.4325,2.0493,0.8888,-1.9766
10.401,0.6877,1.7875,1.0216,1.4324,2.0408,0.8891,-1.9966
10.501,0.6876,1.7874,1.0216,1.4325,2.0375,0.8893,-2.0049
10.601,0.6874,1.7877,1.0212,1.4325,2.0294,0.8894,-2.0081
10.703,0.6870,1.7880,1.0210,1.4327,2.0130,0.8896,-2.0155
10.801,0.6871,1.7876,1.0212,1.4326,2.0040,0.8901,-2.0341
10.902,0.6869,1.7881,1.0207,1.4327,1.9933,0.8914,-2.0397
11.001,0.6864,1.7883,1.0201,1.4329,1.9837,0.8913,-2.0493
11.101,0.6866,1.7887,1.0203,1.4329,1.9798,0.8911,-2.0584
11.201,0.6868,1.7880,1.0207,1.4327,1.9770,0.8909,-2.0620
11.301,0.6867,1.7883,1.0206,1.4328,1.9697,0.8910,-2.0652
11.401,0.6866,1.7881,1.0204,1.4328,1.9676,0.8911,-2.0721
11.501,0.6866,1.7881,1.0204,1.4328,1.9676,0.8911,-2.0742
11.601,0.6864,1.7879,1.0205,1.4328,1.9685,0.8915,-2.0755
11.700,0.6863,1.7885,1.0201,1.4329,1.9840,0.8926,-2.0736
11.804,0.6863,1.7885,1.0203,1.4330,1.9986,0.8940,-2.0522
11.901,0.6863,1.7886,1.0203,1.4330,2.0029,0.8947,-2.0428
12.002,0.6861,1.7881,1.0201,1.4329,2.0134,0.8959,-2.0391
12.101,0.6859,1.7878,1.0201,1.4328,2.0237,0.8982,-2.0290
12.201,0.6860,1.7878,1.0202,1.4330,2.0264,0.8986,-2.0188
12.301,0.6860,1.7878,1.0202,1.4330,2.0264,0.8986,-2.0162
12.401,0.6861,1.7875,1.0205,1.4328,2.0396,0.9000,-2.0162
12.501,0.6861,1.7872,1.0207,1.4327,2.0692,0.9020,-2.0034
12.601,0.6860,1.7870,1.0207,1.4328,2.0853,0.9032,-1.9748
12.701,0.6862,1.7868,1.0209,1.4327,2.0962,0.9041,-1.9594
12.802,0.6861,1.7867,1.0209,1.4327,2.1089,0.9052,-1.9489
12.907,0.6860,1.7860,1.0210,1.4326,2.1300,0.9064,-1.9368
13.000,0.6863,1.7855,1.0215,1.4322,2.1459,0.9077,-1.9171
13.102,0.6862,1.7849,1.0215,1.4319,2.1546,0.9082,-1.9021
13.200,0.6861,1.7844,1.0216,1.4318,2.1676,0.9089,-1.8942
13.302,0.6862,1.7841,1.0219,1.4317,2.1815,0.9098,-1.8823
13.401,0.6868,1.7827,1.0228,1.4308,2.1928,0.9103,-1.8695
13.501,0.6874,1.7812,1.0238,1.4300,2.2002,0.9107,-1.8598
13.611,0.6873,1.7811,1.0235,1.4299,2.2089,0.9112,-1.8536
13.700,0.6873,1.7815,1.0235,1.4300,2.2175,0.9109,-1.8455
13.803,0.6873,1.7810,1.0236,1.4297,2.2235,0.9110,-1.8362
13.902,0.6872,1.7815,1.0234,1.4298,2.2354,0.9100,-1.8318
14.002,0.6871,1.7815,1.0231,1.4296,2.2515,0.9093,-1.8234
14.103,0.6874,1.7811,1.0237,1.4295,2.2775,0.9103,-1.8035
14.201,0.6872,1.7815,1.0234,1.4298,2.2934,0.9114,-1.7863
14.301,0.6869,1.7820,1.0228,1.4297,2.3034,0.9116,-1.7793
14.401,0.6869,1.7822,1.0229,1.4298,2.3186,0.9118,-1.7726
14.501,0.6869,1.7821,1.0228,1.4298,2.3305,0.9120,-1.7644
14.609,0.6868,1.7825,1.0225,1.4297,2.3400,0.9117,-1.7591
14.701,0.6868,1.7826,1.0226,1.4296,2.3540,0.9113,-1.7558
14.801,0.6869,1.7828,1.0222,1.4296,2.3634,0.9120,-1.7532
14.903,0.6870,1.7842,1.0216,1.4298,2.3701,0.9121,-1.7506
15.001,0.6875,1.7861,1.0194,1.4304,2.3823,0.9111,-1.7498
15.101,0.6878,1.7884,1.0158,1.4312,2.3889,0.9106,-1.7497
15.201,0.6865,1.7976,1.0035,1.4349,2.3970,0.9106,-1.7480
15.318,0.6835,1.8063,0.9976,1.4372,2.4020,0.9095,-1.7401
15.401,0.6827,1.8087,0.9926,1.4396,2.4080,0.9085,-1.7384
15.501,0.6805,1.8141,0.9888,1.4418,2.4133,0.9088,-1.7385
15.601,0.6790,1.8198,0.9803,1.4463,2.4206,0.9088,-1.7387
15.701,0.6790,1.8198,0.9803,1.4463,2.4206,0.9088,-1.7373
15.803,0.6762,1.8250,0.9709,1.4468,2.4292,0.9210,-1.7373
15.900,0.6750,1.8243,0.9698,1.4445,2.4353,0.9438,-1.7259
16.002,0.6759,1.8227,0.9694,1.4423,2.4390,0.9612,-1.7127
16.101,0.6763,1.8207,0.9693,1.4401,2.4440,0.9704,-1.7044
16.201,0.6767,1.8192,0.9702,1.4382,2.4479,0.9787,-1.7044
16.301,0.6788,1.8131,0.9720,1.4330,2.4522,1.0008,-1.7053
16.404,0.6810,1.8076,0.9741,1.4289,2.4559,1.0124,-1.7061
16.501,0.6837,1.8031,0.9760,1.4226,2.4620,1.0219,-1.7090
16.602,0.6851,1.7990,0.9789,1.4191,2.4676,1.0259,-1.7155
16.701,0.6863,1.7972,0.9797,1.4175,2.4709,1.0239,-1.7225
16.804,0.6868,1.7941,0.9812,1.4150,2.4725,1.0188,-1.7249
16.901,0.6890,1.7883,0.9833,1.4096,2.4758,1.0013,-1.7248
17.001,0.6919,1.7854,0.9846,1.4063,2.4792,0.9915,-1.7275
17.103,0.6931,1.7834,0.9865,1.4041,2.4803,0.9824,-1.7290
17.201,0.6934,1.7829,0.9876,1.4033,2.4812,0.9744,-1.7310
17.302,0.6949,1.7814,0.9873,1.4022,2.4822,0.9720,-1.7337
17.401,0.6956,1.7795,0.9895,1.3999,2.4843,0.9761,-1.7342
17.501,0.6964,1.7775,0.9902,1.3982,2.4867,0.9902,-1.7357
17.601,0.6970,1.7758,0.9910,1.3967,2.4886,1.0045,-1.7360
17.700,0.6978,1.7742,0.9910,1.3950,2.4874,1.0112,-1.7378
17.802,0.6982,1.7730,0.9909,1.3943,2.4872,1.0147,-1.7361
17.901,0.6983,1.7725,0.9909,1.3938,2.4891,1.0236,-1.7374
18.002,0.6988,1.7711,0.9918,1.3922,2.4919,1.0288,-1.7411
18.101,0.6990,1.7709,0.9919,1.3919,2.4932,1.0203,-1.7433
18.201,0.6982,1.7715,0.9920,1.3920,2.4932,1.0060,-1.7427
18.302,0.6983,1.7718,0.9920,1.3925,2.4931,0.9974,-1.7416
18.403,0.6983,1.7718,0.9917,1.3924,2.4934,0.9939,-1.7415
18.500,0.6978,1.7714,0.9921,1.3919,2.4944,0.9898,-1.7415
18.601,0.6977,1.7715,0.9920,1.3922,2.4962,0.9824,-1.7434
18.704,0.6974,1.7718,0.9914,1.3923,2.4963,0.9798,-1.7460
18.804,0.6970,1.7723,0.9905,1.3921,2.4968,0.9892,-1.7465
18.901,0.6975,1.7712,0.9895,1.3915,2.4960,1.0037,-1.7448
19.001,0.6975,1.7712,0.9895,1.3915,2.4960,1.0037,-1.7429
19.114,0.6968,1.7713,0.9907,1.3912,2.4958,1.0106,-1.7429
19.204,0.6971,1.7707,0.9907,1.3908,2.4962,1.0202,-1.7441
19.301,0.6966,1.7715,0.9895,1.3908,2.4970,1.0278,-1.7455
19.402,0.6965,1.7715,0.9887,1.3914,2.4987,1.0260,-1.7466
19.501,0.6960,1.7718,0.9889,1.3918,2.4989,1.0246,-1.7481
19.601,0.6953,1.7719,0.9887,1.3920,2.4994,1.0152,-1.7485
19.702,0.6940,1.7731,0.9866,1.3934,2.5012,0.9944,-1.7480
19.802,0.6923,1.7747,0.9851,1.3948,2.5002,0.9862,-1.7490
19.900,0.6909,1.7757,0.9836,1.3959,2.5006,0.9808,-1.7489
20.001,0.6893,1.7764,0.9824,1.3969,2.5027,0.9753,-1.7501
20.101,0.6888,1.7765,0.9823,1.3968,2.5036,0.9792,-1.7540
20.206,0.6880,1.7764,0.9814,1.3972,2.5014,0.9952,-1.7535
20.301,0.6869,1.7762,0.9808,1.3977,2.5002,1.0061,-1.7509
20.400,0.6861,1.7759,0.9808,1.3972,2.5014,1.0115,-1.7505
20.501,0.6851,1.7757,0.9794,1.3971,2.5025,1.0217,-1.7522
20.601,0.6847,1.7758,0.9789,1.3967,2.5000,1.0231,-1.7548
20.704,0.6840,1.7761,0.9786,1.3973,2.4988,1.0194,-1.7521
20.801,0.6832,1.7764,0.9781,1.3980,2.5003,1.0047,-1.7508
20.901,0.6825,1.7765,0.9783,1.3979,2.5019,0.9930,-1.7517
21.001,0.6822,1.7768,0.9797,1.3966,2.5015,0.9905,-1.7539
21.101,0.6819,1.7766,0.9777,1.3990,2.5004,0.9862,-1.7536
21.201,0.6808,1.7770,0.9771,1.3995,2.5005,0.9800,-1.7538
21.301,0.6809,1.7767,0.9768,1.3998,2.5029,0.9802,-1.7557
21.401,0.6797,1.7770,0.9766,1.3998,2.5018,0.9906,-1.7578
21.501,0.6786,1.7777,0.9778,1.3982,2.4996,1.0027,-1.7561
21.600,0.6785,1.7774,0.9771,1.3986,2.4994,1.0057,-1.7535
21.701,0.6775,1.7781,0.9748,1.4011,2.5016,1.0131,-1.7536
21.800,0.6773,1.7778,0.9746,1.4012,2.5023,1.0198,-1.7578
21.901,0.6771,1.7775,0.9745,1.4008,2.5005,1.0236,-1.7586
22.001,0.6763,1.7777,0.9728,1.4007,2.5003,1.0160,-1.7576
22.103,0.6766,1.7767,0.9732,1.4004,2.5021,1.0027,-1.7555
22.201,0.6775,1.7956,0.9809,1.4041,2.5013,0.9901,-1.7569
22.301,0.6908,1.8112,0.9937,1.4058,2.5015,0.9801,-1.7442
22.401,0.7038,1.8040,1.0346,1.3963,2.5025,0.9775,-1.7419
22.501,0.7218,1.7880,1.0346,1.3963,2.5033,0.9803,-1.7580
22.601,0.7336,1.7730,1.1882,1.3108,2.5040,0.9845,-1.7570
22.701,0.7424,1.7606,1.2218,1.2870,2.5034,0.9963,-1.8306
22.801,0.7462,1.7573,1.2256,1.2836,2.5028,1.0013,-1.8502
22.902,0.7669,1.7393,1.2019,1.2994,2.5030,1.0158,-1.8511
23.001,0.7731,1.7328,1.1779,1.3152,2.5034,1.0208,-1.8363
23.101,0.7801,1.7238,1.1473,1.3365,2.5021,1.0293,-1.8244
23.207,0.7868,1.7244,1.1341,1.3458,2.5004,1.0333,-1.8116
23.300,0.7855,1.7333,1.1292,1.3518,2.4987,1.0315,-1.8003
23.401,0.7736,1.7596,1.1130,1.3657,2.4997,1.0206,-1.7918
23.502,0.7294,1.8193,1.0802,1.3878,2.5020,1.0068,-1.7752
23.606,0.6719,1.8886,1.0477,1.4019,2.5013,0.9971,-1.7506
23.704,0.6467,1.9169,1.0316,1.4057,2.4996,0.9929,-1.7415
23.802,0.6312,1.9327,1.0170,1.4092,2.4996,0.9877,-1.7335
23.902,0.6255,1.9378,1.0003,1.4159,2.5015,0.9818,-1.7323
24.002,0.6312,1.9274,0.9729,1.4280,2.5035,0.9729,-1.7315
24.102,0.6502,1.9095,0.9495,1.4348,2.5023,0.9727,-1.7228
24.202,0.6751,1.8850,0.9403,1.4381,2.5004,0.9869,-1.7061
24.301,0.6912,1.8639,0.9656,1.3823,2.5001,1.0012,-1.6985
24.401,0.7055,1.8508,0.9816,1.3519,2.5000,1.0095,-1.6691
24.501,0.7221,1.8436,1.0889,1.1671,2.5005,1.0196,-1.6550
24.601,0.7314,1.8415,1.1191,1.1142,2.5006,1.0217,-1.6383
24.702,0.7423,1.8405,1.1392,1.0584,2.5003,1.0209,-1.6469
24.801,0.7553,1.8455,1.1336,1.0300,2.4993,1.0190,-1.6443
24.901,0.7649,1.8498,1.1208,1.0278,2.4989,1.0112,-1.6267
25.002,0.7767,1.8533,1.1006,1.0484,2.4993,0.9942,-1.5980
25.102,0.7844,1.8527,1.0807,1.0821,2.4994,0.9855,-1.5706
25.201,0.7934,1.8548,1.0616,1.1107,2.5006,0.9822,-1.5532
25.305,0.8042,1.8600,1.0418,1.1318,2.5006,0.9739,-1.5343
25.401,0.8097,1.8630,1.0284,1.1476,2.5004,0.9685,-1.5110
25.502,0.8158,1.8660,1.0079,1.1763,2.5001,0.9741,-1.4961
25.603,0.8220,1.8667,0.9863,1.2033,2.4999,0.9890,-1.4827
25.701,0.8360,1.8599,0.9655,1.2266,2.4991,1.0007,-1.4688
25.802,0.8587,1.8456,0.9460,1.2522,2.4984,1.0060,-1.4569
25.901,0.8773,1.8339,0.9244,1.2778,2.4996,1.0149,-1.4500
26.002,0.8795,1.8382,0.9178,1.2849,2.4999,1.0205,-1.4481
26.103,0.8768,1.8474,0.9153,1.2884,2.5001,1.0201,-1.4448
26.206,0.8715,1.8642,0.9045,1.3039,2.4990,1.0164,-1.4422
26.301,0.8652,1.8854,0.8924,1.3174,2.4982,1.0021,-1.4349
26.402,0.8623,1.8987,0.8846,1.3235,2.4987,0.9925,-1.4251
26.502,0.8606,1.9217,0.8665,1.3370,2.4999,0.9833,-1.4156
26.601,0.8623,1.9295,0.8567,1.3439,2.5004,0.9823,-1.4065
26.701,0.8814,1.9338,0.8420,1.3549,2.5007,0.9883,-1.4010
26.802,0.8960,1.9289,0.8268,1.3700,2.5003,0.9964,-1.3866
26.901,0.9139,1.9187,0.8150,1.3847,2.4989,1.0114,-1.3823
27.003,0.9251,1.9100,0.8062,1.3942,2.5000,1.0189,-1.3857
27.102,0.9313,1.9042,0.8006,1.4008,2.5006,1.0227,-1.3894
27.201,0.9434,1.8940,0.7931,1.4125,2.5000,1.0308,-1.3942
27.301,0.9519,1.8877,0.7880,1.4190,2.4990,1.0310,-1.4024
27.401,0.9625,1.8802,0.7788,1.4265,2.4973,1.0249,-1.4048
27.501,0.9699,1.8743,0.7723,1.4336,2.4977,1.0120,-1.4044
27.602,0.9791,1.8672,0.7786,1.4392,2.4990,0.9985,-1.4074
27.701,0.9910,1.8598,0.8005,1.4361,2.4987,0.9901,-1.4150
27.801,0.9959,1.8578,0.8005,1.4361,2.4993,0.9853,-1.4177
27.915,1.0048,1.8606,0.8074,1.4350,2.5004,0.9745,-1.4173
28.011,1.0162,1.8716,0.8074,1.4350,2.4998,0.9691,-1.4138
28.101,1.0162,1.8716,0.8074,1.4350,2.4998,0.9691,-1.3987
28.201,1.0162,1.8716,0.8074,1.4350,2.4998,0.9691,-1.3987
28.301,1.0197,1.8749,0.8074,1.4350,2.4993,0.9715,-1.3987
28.401,1.0314,1.8806,0.8074,1.4350,2.4991,0.9946,-1.3929
28.500,1.0483,1.8776,0.8436,1.3866,2.4983,1.0044,-1.3781
28.601,1.0711,1.8661,0.8436,1.3866,2.4983,1.0114,-1.3412
28.701,1.0711,1.8661,0.8436,1.3866,2.4983,1.0114,-1.3379
28.801,1.0780,1.8618,0.8436,1.3866,2.4984,1.0150,-1.3379
28.902,1.1046,1.8384,0.8648,1.3576,2.4988,1.0367,-1.3382
29.003,1.1273,1.8285,0.8709,1.3526,2.4981,1.0351,-1.3336
29.101,1.1425,1.8219,0.8712,1.3592,2.4996,1.0227,-1.3291
29.201,1.1548,1.8173,0.8730,1.3757,2.5009,1.0121,-1.3326
29.301,1.1722,1.8233,0.8782,1.3913,2.4997,0.9985,-1.3493
29.402,1.1860,1.8333,0.8776,1.3965,2.4992,0.9921,-1.3469
29.527,1.1965,1.8364,0.8779,1.4137,2.5014,0.9793,-1.3385
29.601,1.2082,1.8416,0.8819,1.4290,2.5014,0.9664,-1.3468
29.701,1.2152,1.8463,0.8836,1.4324,2.5002,0.9684,-1.3551
29.801,1.2233,1.8515,0.8839,1.4400,2.5001,0.9805,-1.3501
29.901,1.2296,1.8554,0.8813,1.4476,2.5010,0.9984,-1.3466
30.005,1.2356,1.8598,0.8858,1.4384,2.4991,1.0045,-1.3453
30.101,1.2509,1.8593,0.8917,1.4263,2.4985,1.0102,-1.3315
30.201,1.2747,1.8503,0.9016,1.4075,2.5002,1.0237,-1.3150
30.301,1.2928,1.8418,0.9086,1.4010,2.5005,1.0316,-1.3114
30.401,1.3030,1.8372,0.9111,1.3970,2.4998,1.0351,-1.3149
30.502,1.3108,1.8344,0.9165,1.3858,2.4999,1.0313,-1.3110
30.601,1.3211,1.8334,0.9190,1.3814,2.5007,1.0240,-1.3053
30.700,1.3438,1.8417,0.9153,1.3908,2.5021,1.0044,-1.3031
30.801,1.3552,1.8477,0.9092,1.4026,2.5008,0.9957,-1.2943
30.901,1.3655,1.8482,0.9011,1.4112,2.5003,0.9901,-1.2907
31.001,1.3730,1.8495,0.8990,1.4123,2.5015,0.9840,-1.2905
31.101,1.3811,1.8522,0.8988,1.4111,2.5026,0.9769,-1.2881
31.201,1.3811,1.8522,0.8988,1.4111,2.5026,0.9769,-1.2861
31.301,1.3914,1.8566,0.9033,1.3983,2.5024,0.9676,-1.2861
31.404,1.4001,1.8582,0.9118,1.3848,2.5028,0.9700,-1.2688
31.501,1.4092,1.8602,0.9160,1.3811,2.5062,0.9809,-1.2641
31.603,1.4157,1.8624,0.9190,1.3779,2.5062,0.9895,-1.2618
31.701,1.4239,1.8667,0.9252,1.3723,2.5017,1.0023,-1.2570
31.801,1.4296,1.8678,0.9217,1.3809,2.5019,1.0120,-1.2463
31.900,1.4405,1.8686,0.9127,1.3997,2.5047,1.0245,-1.2499
32.001,1.4559,1.8614,0.9067,1.4060,2.5032,1.0303,-1.2623
32.103,1.4783,1.8493,0.9011,1.4123,2.5023,1.0283,-1.2697
32.202,1.4960,1.8405,0.8942,1.4225,2.5018,1.0209,-1.2816
32.302,1.5065,1.8352,0.8897,1.4269,2.5019,1.0066,-1.2961
32.401,1.5192,1.8311,0.8940,1.4157,2.5016,0.9947,-1.2982
32.500,1.5339,1.8284,0.9011,1.4002,2.5016,0.9889,-1.2952
32.602,1.5424,1.8285,0.9052,1.3940,2.5020,0.9867,-1.2897
32.701,1.5542,1.8348,0.9096,1.3906,2.5028,0.9752,-1.2884
32.801,1.5621,1.8398,0.9130,1.3867,2.5024,0.9693,-1.2845
32.900,1.5765,1.8439,0.9182,1.3812,2.5018,0.9728,-1.2798
33.001,1.5830,1.8447,0.9157,1.3892,2.5019,0.9857,-1.2751
33.100,1.5949,1.8503,0.9083,1.4051,2.5018,1.0006,-1.2776
33.201,1.6012,1.8539,0.9024,1.4129,2.5014,1.0055,-1.2831
33.303,1.6107,1.8564,0.8980,1.4168,2.5008,1.0133,-1.2816
33.401,1.6151,1.8564,0.8923,1.4251,2.5004,1.0194,-1.2835
33.502,1.6214,1.8466,0.8909,1.4234,2.4982,1.0116,-1.2876
33.602,1.6295,1.8278,0.8968,1.4101,2.4985,0.9983,-1.2926
33.703,1.6364,1.8117,0.9038,1.3958,2.4999,0.9889,-1.3043
33.801,1.6390,1.8056,0.9077,1.3920,2.5002,0.9847,-1.3150
33.901,1.6415,1.7983,0.9122,1.3879,2.4997,0.9771,-1.3239
34.001,1.6440,1.7915,0.9156,1.3831,2.4992,0.9718,-1.3288
34.104,1.6486,1.7803,0.9154,1.3845,2.4995,0.9739,-1.3347
34.201,1.6501,1.7772,0.9137,1.3879,2.5001,0.9752,-1.3528
34.301,1.6529,1.7695,0.9063,1.4034,2.5027,0.9830,-1.3528
34.401,1.6556,1.7631,0.9005,1.4128,2.5028,0.9973,-1.3708
34.501,1.6565,1.7629,0.8976,1.4149,2.5011,1.0055,-1.3813
34.601,1.6568,1.7704,0.8941,1.4191,2.4999,1.0110,-1.3803
34.703,1.6582,1.7959,0.8875,1.4292,2.5020,1.0193,-1.3739
34.802,1.6571,1.8052,0.8878,1.4264,2.5025,1.0268,-1.3574
34.902,1.6523,1.8199,0.8979,1.4039,2.4996,1.0321,-1.3443
35.001,1.6523,1.8199,0.8979,1.4039,2.4996,1.0321,-1.3168
35.101,1.6513,1.8319,0.9034,1.3961,2.4974,1.0273,-1.3168
35.206,1.6508,1.8476,0.9082,1.3911,2.4982,1.0103,-1.2972
35.300,1.6503,1.8874,0.9151,1.3822,2.4996,0.9994,-1.2712
35.402,1.6469,1.9158,0.9230,1.3712,2.4986,0.9895,-1.2373
35.501,1.6409,1.9438,0.9244,1.3724,2.4984,0.9751,-1.2059
35.601,1.6409,1.9438,0.9244,1.3724,2.4984,0.9751,-1.1807
35.701,1.6409,1.9438,0.9244,1.3724,2.4984,0.9751,-1.1807
35.801,1.6380,1.9773,0.9120,1.3951,2.5020,0.9698,-1.1807
35.901,1.6372,1.9941,0.9071,1.4011,2.5023,0.9765,-1.1630
36.003,1.6363,2.0083,0.8992,1.4083,2.4999,0.9934,-1.1467
36.101,1.6360,2.0126,0.8971,1.4112,2.4997,0.9964,-1.1312
36.204,1.6360,2.0300,0.8904,1.4236,2.5006,1.0028,-1.1279
36.301,1.6374,2.0450,0.8822,1.4359,2.5006,1.0197,-1.1217
36.401,1.6380,2.0534,0.8781,1.4397,2.5006,1.0306,-1.1129
36.505,1.6377,2.0786,0.8833,1.4323,2.5010,1.0393,-1.1060
36.601,1.6377,2.0786,0.8833,1.4323,2.5010,1.0393,-1.0829
36.701,1.6377,2.0786,0.8833,1.4323,2.5010,1.0393,-1.0829
36.801,1.6317,2.1434,0.8995,1.4002,2.5012,1.0407,-1.0318
36.901,1.6287,2.1599,0.9047,1.3943,2.5012,1.0251,-1.0015
37.005,1.6280,2.1778,0.9116,1.3859,2.5010,1.0133,-0.9794
37.103,1.6278,2.2028,0.9221,1.3712,2.5012,1.0031,-0.9576
37.204,1.6288,2.2198,0.9282,1.3653,2.5018,0.9881,-0.9238
37.301,1.6297,2.2255,0.9307,1.3624,2.5017,0.9808,-0.9113
37.402,1.6316,2.2406,0.9223,1.3792,2.5016,0.9723,-0.9067
37.501,1.6333,2.2473,0.9165,1.3902,2.5023,0.9766,-0.9056
37.602,1.6356,2.2610,0.9093,1.3994,2.5019,0.9894,-0.9057
37.701,1.6358,2.2894,0.9045,1.4035,2.5011,1.0023,-0.8889
37.801,1.6348,2.3099,0.9001,1.4085,2.5008,1.0083,-0.8625
37.900,1.6330,2.3329,0.8937,1.4197,2.5012,1.0133,-0.8556
38.006,1.6310,2.3473,0.8892,1.4266,2.5026,1.0192,-0.8429
38.102,1.6309,2.3643,0.8908,1.4197,2.5049,1.0148,-0.8323
38.201,1.6310,2.3773,0.8951,1.4094,2.5042,1.0078,-0.8203
38.301,1.6319,2.3939,0.9034,1.3921,2.5020,0.9914,-0.7954
38.411,1.6331,2.4042,0.9073,1.3888,2.5028,0.9841,-0.7812
38.501,1.6351,2.4154,0.9125,1.3823,2.5033,0.9768,-0.7769
38.601,1.6375,2.4263,0.9169,1.3799,2.5022,0.9743,-0.7716
38.701,1.6446,2.4295,0.9145,1.3864,2.5013,0.9779,-0.7684
38.808,1.6657,2.4279,0.9076,1.4020,2.5009,0.9907,-0.7807
38.901,1.6732,2.4263,0.9054,1.4059,2.5011,0.9955,-0.8022
39.001,1.6732,2.4263,0.9054,1.4059,2.5011,0.9955,-0.8118
39.102,1.6803,2.4243,0.9034,1.4089,2.5013,1.0006,-0.8118
39.201,1.6998,2.4229,0.8972,1.4144,2.5012,1.0119,-0.8205
39.302,1.7165,2.4239,0.8902,1.4251,2.5011,1.0204,-0.8446
39.401,1.7220,2.4237,0.8881,1.4286,2.5011,1.0236,-0.8625
39.505,1.7386,2.4255,0.8844,1.4322,2.5012,1.0349,-0.8775
39.601,1.7575,2.4339,0.8913,1.4172,2.5004,1.0379,-0.8928
39.701,1.7736,2.4401,0.8996,1.4010,2.4974,1.0255,-0.8952
39.801,1.7858,2.4424,0.9042,1.3957,2.4984,1.0125,-0.8949
39.901,1.7975,2.4474,0.9102,1.3880,2.4999,1.0024,-0.9037
40.001,1.8064,2.4527,0.9183,1.3764,2.4992,0.9935,-0.9123
40.106,1.8094,2.4537,0.9206,1.3733,2.4990,0.9904,-0.9151
40.201,1.8174,2.4560,0.9230,1.3745,2.4989,0.9792,-0.9168
40.302,1.8265,2.4617,0.9144,1.3928,2.5003,0.9706,-0.9301
40.401,1.8340,2.4641,0.9081,1.4027,2.5034,0.9702,-0.9499
40.502,1.8359,2.4650,0.9057,1.4057,2.5046,0.9723,-0.9636
40.601,1.8281,2.4709,0.9001,1.4128,2.5053,0.9793,-0.9673
40.701,1.8150,2.4810,0.8937,1.4244,2.5045,0.9928,-0.9580
40.801,1.8116,2.4845,0.8918,1.4269,2.5041,0.9981,-0.9518
40.903,1.8080,2.4893,0.8913,1.4252,2.5040,1.0051,-0.9488
41.001,1.8006,2.4983,0.8993,1.4060,2.5040,1.0148,-0.9399
41.101,1.7976,2.5011,0.9014,1.4011,2.5039,1.0181,-0.9243
41.205,1.7804,2.5192,0.9122,1.3883,2.5032,1.0406,-0.9187
41.301,1.7761,2.5237,0.9173,1.3803,2.5026,1.0451,-0.9018
41.410,1.7705,2.5304,0.9243,1.3692,2.5019,1.0434,-0.8933
41.525,1.7671,2.5367,0.9284,1.3657,2.5014,1.0329,-0.8845
41.610,1.7628,2.5421,0.9269,1.3685,2.5017,1.0235,-0.8785
41.702,1.7372,2.5610,0.9169,1.3874,2.5018,1.0073,-0.8716
41.800,1.7119,2.5793,0.9081,1.4004,2.5016,0.9954,-0.8568
41.901,1.6997,2.5861,0.9028,1.4065,2.5022,0.9847,-0.8472
42.001,1.6831,2.5814,0.8959,1.4165,2.5017,0.9739,-0.8418
42.102,1.6768,2.5787,0.8938,1.4199,2.5017,0.9715,-0.8259
42.201,1.6561,2.5699,0.8884,1.4284,2.5021,0.9660,-0.8219
42.301,1.6488,2.5681,0.8843,1.4319,2.5017,0.9603,-0.8100
42.401,1.6373,2.5647,0.8805,1.4369,2.5000,0.9565,-0.8006
42.501,1.6219,2.5562,0.8818,1.4339,2.4983,0.9661,-0.7882
42.604,1.6142,2.5526,0.8903,1.4193,2.4998,0.9830,-0.7673
42.700,1.6015,2.5495,0.8996,1.4013,2.5002,0.9970,-0.7520
42.806,1.5905,2.5424,0.9056,1.3947,2.4989,1.0093,-0.7284
42.901,1.5827,2.5382,0.9121,1.3860,2.4996,1.0186,-0.7123
43.001,1.5772,2.5387,0.9165,1.3811,2.5005,1.0231,-0.7017
43.101,1.5733,2.5386,0.9155,1.3878,2.5006,1.0306,-0.6972
43.201,1.5598,2.5437,0.9095,1.4025,2.4994,1.0383,-0.7001
43.301,1.5376,2.5592,0.9048,1.4129,2.4995,1.0392,-0.6980
43.400,1.5190,2.5722,0.9017,1.4159,2.5000,1.0291,-0.7030
43.501,1.5099,2.5765,0.8985,1.4196,2.5000,1.0194,-0.7063
43.601,1.5017,2.5787,0.8945,1.4263,2.5000,1.0100,-0.7085
43.702,1.4874,2.5812,0.8909,1.4315,2.5000,1.0009,-0.7127
43.801,1.4665,2.5791,0.8994,1.4140,2.4999,0.9905,-0.7198
43.901,1.4527,2.5717,0.9067,1.3997,2.4997,0.9788,-0.7119
44.001,1.4407,2.5652,0.9116,1.3952,2.5003,0.9743,-0.7056
44.101,1.4407,2.5652,0.9116,1.3952,2.5008,0.9754,-0.7080
44.201,1.4299,2.5595,0.9168,1.3900,2.5017,0.9841,-0.7080
44.301,1.4263,2.5581,0.9187,1.3872,2.5014,0.9889,-0.7123
44.401,1.4126,2.5557,0.9242,1.3793,2.5001,1.0061,-0.7125
44.506,1.4028,2.5513,0.9193,1.3890,2.5003,1.0126,-0.7155
44.600,1.3942,2.5444,0.9112,1.4026,2.5012,1.0185,-0.7271
44.701,1.3885,2.5413,0.9073,1.4082,2.5012,1.0249,-0.7400
44.801,1.3805,2.5401,0.9031,1.4124,2.5007,1.0368,-0.7477
44.901,1.3655,2.5388,0.8934,1.4279,2.4987,1.0382,-0.7618
45.001,1.3518,2.5446,0.8899,1.4342,2.4967,1.0312,-0.7785
45.101,1.3265,2.5587,0.8864,1.4371,2.4962,1.0173,-0.7932
45.204,1.3088,2.5711,0.8877,1.4343,2.4981,1.0086,-0.8191
45.301,1.2985,2.5810,0.8960,1.4154,2.4994,0.9980,-0.8381
45.400,1.2838,2.5885,0.9025,1.4020,2.4976,0.9879,-0.8418
45.500,1.2613,2.5916,0.9099,1.3953,2.4990,0.9744,-0.8491
45.601,1.2613,2.5916,0.9099,1.3953,2.4990,0.9744,-0.8733
45.701,1.2524,2.5906,0.9119,1.3933,2.4999,0.9729,-0.8733
45.802,1.2423,2.5838,0.9211,1.3810,2.5031,0.9790,-0.8822
45.901,1.2336,2.5783,0.9248,1.3766,2.5013,0.9965,-0.8866
46.002,1.2103,2.5666,0.9174,1.3888,2.5001,1.0082,-0.8889
46.101,1.2005,2.5610,0.9101,1.4005,2.5012,1.0131,-0.9127
46.201,1.1884,2.5520,0.9038,1.4082,2.5012,1.0229,-0.9284
46.304,1.1807,2.5484,0.9004,1.4120,2.4996,1.0217,-0.9397
46.401,1.1762,2.5464,0.8948,1.4204,2.4986,1.0110,-0.9492
46.501,1.1774,2.5425,0.8943,1.4175,2.5001,0.9993,-0.9548
46.601,1.1867,2.5338,0.9006,1.4017,2.5000,0.9905,-0.9515
46.701,1.1976,2.5241,0.9069,1.3900,2.4989,0.9819,-0.9315
46.801,1.2031,2.5182,0.9115,1.3864,2.5002,0.9747,-0.9134
46.903,1.2063,2.5146,0.9145,1.3840,2.5015,0.9711,-0.9097
47.012,1.2113,2.5094,0.9181,1.3810,2.5020,0.9672,-0.9082
47.101,1.2171,2.5031,0.9194,1.3817,2.5012,0.9696,-0.9012
47.201,1.2171,2.5031,0.9194,1.3817,2.5012,0.9696,-0.8981
47.301,1.2217,2.4989,0.9183,1.3841,2.5009,0.9722,-0.8981
47.401,1.2606,2.4705,0.9066,1.4071,2.5002,0.9929,-0.8939
47.504,1.2784,2.4547,0.9015,1.4134,2.4998,1.0027,-0.8594
47.601,1.2858,2.4446,0.8994,1.4152,2.4999,1.0090,-0.8525
47.701,1.3059,2.4266,0.8921,1.4258,2.5005,1.0202,-0.8455
47.801,1.3250,2.4129,0.8903,1.4264,2.5008,1.0280,-0.8372
47.902,1.3398,2.4116,0.8961,1.4212,2.5004,1.0365,-0.8307
48.001,1.3533,2.4217,0.9007,1.4179,2.4994,1.0326,-0.8183
48.101,1.3668,2.4278,0.9059,1.4146,2.4981,1.0196,-0.7926
48.200,1.3795,2.4288,0.9114,1.4115,2.4990,1.0074,-0.7808
48.301,1.3870,2.4324,0.9149,1.4089,2.5004,1.0018,-0.7694
48.401,1.3973,2.4418,0.9192,1.4060,2.5000,0.9930,-0.7621
48.501,1.4032,2.4459,0.9214,1.4043,2.4987,0.9845,-0.7484
48.602,1.4115,2.4471,0.9240,1.4025,2.4990,0.9753,-0.7377
48.701,1.4199,2.4521,0.9255,1.4015,2.5010,0.9702,-0.7345
48.800,1.4280,2.4593,0.9266,1.4009,2.5007,0.9613,-0.7240
48.901,1.4353,2.4616,0.9274,1.4002,2.4975,0.9521,-0.7191
49.001,1.4453,2.4582,0.9284,1.3996,2.4961,0.9591,-0.7114
49.101,1.4755,2.4394,0.9299,1.3983,2.4995,0.9806,-0.6979
49.203,1.4832,2.4344,0.9299,1.3983,2.4995,0.9806,-0.6965
49.301,1.4896,2.4296,0.9308,1.3977,2.5005,0.9888,-0.6988
49.400,1.5026,2.4176,0.9326,1.3966,2.4988,0.9957,-0.7023
49.501,1.5061,2.4148,0.9334,1.3960,2.4980,0.9990,-0.7147
49.602,1.5329,2.4050,0.9379,1.3930,2.4999,1.0199,-0.7139
49.704,1.5488,2.4045,0.9394,1.3921,2.5006,1.0263,-0.7326
49.801,1.5616,2.4122,0.9394,1.3922,2.4980,1.0341,-0.7414
49.901,1.5791,2.4226,0.9384,1.3925,2.4999,1.0491,-0.7406
50.001,1.5918,2.4240,0.9385,1.3925,2.5018,1.0546,-0.7500
50.101,1.6055,2.4334,0.9387,1.3925,2.5007,1.0532,-0.7645
50.223,1.6119,2.4401,0.9386,1.3926,2.5012,1.0474,-0.7665
50.301,1.6203,2.4465,0.9385,1.3925,2.5022,1.0325,-0.7671
50.404,1.6293,2.4497,0.9386,1.3926,2.5012,1.0131,-0.7684
50.501,1.6333,2.4527,0.9386,1.3926,2.5007,1.0080,-0.7714
50.601,1.6363,2.4562,0.9386,1.3925,2.5013,1.0024,-0.7732
50.700,1.6277,2.4664,0.9387,1.3925,2.5017,0.9900,-0.7744
50.803,1.6167,2.4766,0.9386,1.3925,2.5003,0.9765,-0.7652
50.901,1.6108,2.4810,0.9386,1.3925,2.5006,0.9738,-0.7522
51.001,1.6079,2.4839,0.9386,1.3925,2.5017,0.9699,-0.7464
51.101,1.6019,2.4914,0.9386,1.3925,2.5016,0.9598,-0.7449
51.201,1.5944,2.4973,0.9387,1.3925,2.5003,0.9607,-0.7405
51.302,1.5864,2.5019,0.9386,1.3925,2.5003,0.9671,-0.7258
51.401,1.5794,2.5091,0.9386,1.3925,2.5036,0.9873,-0.7184
51.502,1.5764,2.5122,0.9386,1.3925,2.5035,0.9932,-0.7150
51.606,1.5697,2.5184,0.9387,1.3926,2.5016,1.0012,-0.7093
51.701,1.5705,2.5211,0.9386,1.3925,2.5024,1.0178,-0.7028
51.814,1.5837,2.5141,0.9386,1.3926,2.5034,1.0235,-0.7080
51.904,1.5940,2.5061,0.9386,1.3925,2.5026,1.0288,-0.7213
52.001,1.5973,2.4995,0.9386,1.3925,2.5010,1.0424,-0.7305
52.101,1.6041,2.4915,0.9386,1.3925,2.5023,1.0508,-0.7357
52.201,1.6170,2.4788,0.9386,1.3926,2.5021,1.0416,-0.7468
52.302,1.6227,2.4717,0.9388,1.3926,2.5011,1.0255,-0.7591
52.401,1.6287,2.4650,0.9387,1.3926,2.5019,1.0105,-0.7604
52.501,1.6283,2.4637,0.9386,1.3926,2.5020,1.0033,-0.7666
52.601,1.6181,2.4716,0.9386,1.3925,2.5011,0.9902,-0.7664
52.701,1.6088,2.4781,0.9386,1.3925,2.5007,0.9820,-0.7538
52.802,1.6010,2.4856,0.9387,1.3926,2.5011,0.9792,-0.7401
52.902,1.5951,2.4951,0.9386,1.3926,2.5023,0.9875,-0.7339
53.001,1.5898,2.4996,0.9386,1.3926,2.5023,0.9957,-0.7290
53.101,1.5815,2.5066,0.9386,1.3925,2.5013,1.0083,-0.7196
53.201,1.5767,2.5134,0.9387,1.3925,2.5019,1.0169,-0.7141
53.301,1.5747,2.5170,0.9386,1.3925,2.5037,1.0200,-0.7117
53.401,1.5791,2.5149,0.9386,1.3924,2.5036,1.0203,-0.7126
53.501,1.5878,2.5096,0.9386,1.3925,2.5033,1.0173,-0.7200
53.601,1.5923,2.5068,0.9386,1.3925,2.5031,1.0145,-0.7235
53.701,1.6005,2.4955,0.9386,1.3925,2.5025,0.9982,-0.7300
53.801,1.6081,2.4852,0.9386,1.3925,2.5026,0.9837,-0.7355
53.904,1.6200,2.4750,0.9386,1.3925,2.5028,0.9792,-0.7471
54.001,1.6240,2.4716,0.9386,1.3925,2.5029,0.9754,-0.7581
54.101,1.6233,2.4707,0.9386,1.3925,2.5044,0.9805,-0.7644
54.201,1.6121,2.4785,0.9386,1.3925,2.5047,0.9928,-0.7602
54.310,1.6002,2.4872,0.9386,1.3925,2.5028,1.0061,-0.7499
54.405,1.5950,2.4940,0.9386,1.3926,2.5029,1.0144,-0.7348
54.501,1.5925,2.4973,0.9387,1.3925,2.5040,1.0177,-0.7303
54.601,1.5886,2.5011,0.9386,1.3925,2.5047,1.0199,-0.7286
54.701,1.5833,2.5079,0.9386,1.3926,2.5038,1.0165,-0.7255
54.801,1.5943,2.5040,0.9386,1.3925,2.5021,1.0018,-0.7194
54.901,1.5983,2.5016,0.9386,1.3926,2.5021,0.9976,-0.7273
55.003,1.5983,2.5016,0.9386,1.3926,2.5021,0.9976,-0.7313
55.101,1.6060,2.4925,0.9386,1.3925,2.5029,0.9835,-0.7344
55.203,1.6109,2.4847,0.9386,1.3925,2.5029,0.9798,-0.7410
55.300,1.6236,2.4727,0.9386,1.3925,2.5010,0.9782,-0.7471
55.401,1.6283,2.4684,0.9386,1.3925,2.5013,0.9818,-0.7602
55.501,1.6283,2.4684,0.9386,1.3925,2.5013,0.9818,-0.7655
55.601,1.6283,2.4684,0.9386,1.3925,2.5013,0.9818,-0.7655
55.702,1.6304,2.4646,0.9386,1.3925,2.5023,0.9898,-0.7655
55.803,1.6315,2.4627,0.9387,1.3926,2.5026,0.9993,-0.7686
55.905,1.6096,2.4787,0.9386,1.3924,2.5027,1.0192,-0.7703
56.002,1.6022,2.4854,0.9386,1.3925,2.5030,1.0266,-0.7465
56.105,1.5949,2.4941,0.9387,1.3925,2.5010,1.0406,-0.7399
56.211,1.5846,2.5018,0.9386,1.3925,2.5024,1.0520,-0.7340
56.304,1.5761,2.5092,0.9386,1.3926,2.5033,1.0552,-0.7274
56.401,1.5726,2.5144,0.9386,1.3925,2.5023,1.0581,-0.7221
56.508,1.5697,2.5188,0.9386,1.3925,2.5017,1.0552,-0.7190
56.602,1.5669,2.5226,0.9386,1.3926,2.5021,1.0477,-0.7135
56.713,1.5635,2.5277,0.9387,1.3925,2.5024,1.0300,-0.7096
56.810,1.5734,2.5222,0.9389,1.3930,2.5018,1.0144,-0.7058
56.901,1.5891,2.5093,0.9386,1.3926,2.5018,1.0020,-0.7140
57.001,1.5948,2.5026,0.9387,1.3926,2.5011,0.9868,-0.7223
57.102,1.6013,2.4964,0.9387,1.3925,2.5016,0.9759,-0.7275
57.203,1.6085,2.4885,0.9386,1.3925,2.5012,0.9707,-0.7361
57.308,1.6161,2.4800,0.9387,1.3924,2.5007,0.9642,-0.7469
57.401,1.6252,2.4726,0.9387,1.3925,2.5009,0.9674,-0.7570
57.504,1.6292,2.4684,0.9387,1.3925,2.5025,0.9730,-0.7638
57.601,1.6277,2.4682,0.9386,1.3924,2.5031,0.9878,-0.7695
57.701,1.6163,2.4760,0.9387,1.3924,2.5020,1.0005,-0.7625
57.801,1.6015,2.4871,0.9387,1.3924,2.5013,1.0083,-0.7516
57.908,1.5971,2.4930,0.9388,1.3924,2.5028,1.0174,-0.7351
58.001,1.5938,2.4967,0.9388,1.3923,2.5037,1.0269,-0.7333
58.101,1.5886,2.5015,0.9387,1.3923,2.5036,1.0277,-0.7310
58.201,1.5765,2.5125,0.9388,1.3924,2.5024,1.0168,-0.7223
58.309,1.5717,2.5185,0.9387,1.3925,2.5021,1.0083,-0.7100
58.402,1.5765,2.5158,0.9388,1.3924,2.5016,0.9938,-0.7068
58.501,1.5843,2.5090,0.9387,1.3924,2.5025,0.9870,-0.7111
58.601,1.5883,2.5060,0.9387,1.3924,2.5025,0.9870,-0.7186
58.701,1.5983,2.4990,0.9388,1.3924,2.5025,0.9780,-0.7230
58.804,1.6038,2.4914,0.9387,1.3924,2.5013,0.9687,-0.7337
58.901,1.6074,2.4862,0.9388,1.3924,2.5011,0.9645,-0.7404
59.001,1.6074,2.4862,0.9388,1.3924,2.5011,0.9645,-0.7448
59.102,1.6171,2.4757,0.9387,1.3925,2.5019,0.9761,-0.7448
59.201,1.6224,2.4705,0.9387,1.3925,2.5020,0.9849,-0.7545
59.303,1.6207,2.4703,0.9387,1.3925,2.5018,1.0010,-0.7597
59.401,1.6207,2.4703,0.9387,1.3925,2.5018,1.0010,-0.7570
59.501,1.5994,2.4870,0.9388,1.3925,2.5025,1.0186,-0.7570
59.603,1.5970,2.4901,0.9388,1.3924,2.5032,1.0259,-0.7349
59.701,1.5916,2.4947,0.9387,1.3925,2.5021,1.0353,-0.7333
59.801,1.5784,2.5049,0.9388,1.3925,2.4992,1.0335,-0.7292
59.901,1.5714,2.5125,0.9388,1.3925,2.4969,1.0247,-0.7082
